{
  "ie": {
    "6": 0,
    "7": 0.014645679175936453,
    "8": 0,
    "9": 0.0000871766617615265,
    "10": 0,
    "11": 0.23685899000606747,
    "5.5": 0
  },
  "edge": {
    "12": 0.0000871766617615265,
    "13": 0,
    "14": 0.000174353323523053,
    "15": 0.0014529443626921084,
    "16": 0.0026443587400996373,
    "17": 0.0043297742008224826,
    "18": 0.023682993111881365,
    "79": 0,
    "80": 0.0013657677009305817,
    "81": 0.0004358833088076325,
    "83": 0.0008427077303614229,
    "84": 0.005375894141960801,
    "85": 0.0018016510097382142,
    "86": 0.0008427077303614229,
    "87": 0.0012785910391690553,
    "88": 0.0073228395879682264,
    "89": 0.005259658592945432,
    "90": 0.0126115570681675,
    "91": 0.017813097886605248,
    "92": 0.02853582728327301,
    "93": 0.0365270212780796,
    "94": 0.7534388287176197,
    "95": 3.6606352040282593,
    "96": 6.061044585631891,
    "97": 0.8708076743358881
  },
  "firefox": {
    "2": 0,
    "3": 0,
    "4": 0,
    "5": 0,
    "6": 0,
    "7": 0,
    "8": 0,
    "9": 0,
    "10": 0,
    "11": 0,
    "12": 0,
    "13": 0,
    "14": 0,
    "15": 0,
    "16": 0,
    "17": 0.0002615299852845795,
    "18": 0,
    "19": 0,
    "20": 0,
    "21": 0,
    "22": 0,
    "23": 0,
    "24": 0.0000871766617615265,
    "25": 0,
    "26": 0,
    "27": 0,
    "28": 0,
    "29": 0.0000871766617615265,
    "30": 0,
    "31": 0,
    "32": 0,
    "33": 0.0000871766617615265,
    "34": 0,
    "35": 0,
    "36": 0,
    "37": 0,
    "38": 0,
    "39": 0,
    "40": 0.0000871766617615265,
    "41": 0,
    "42": 0,
    "43": 0,
    "44": 0,
    "45": 0.0004358833088076325,
    "46": 0.000348706647046106,
    "47": 0.000697413294092212,
    "48": 0.0004358833088076325,
    "49": 0.000697413294092212,
    "50": 0.0002615299852845795,
    "51": 0.0002615299852845795,
    "52": 0.0011332966028998444,
    "53": 0.000348706647046106,
    "54": 0.000348706647046106,
    "55": 0.0002615299852845795,
    "56": 0.0018888276714997408,
    "57": 0.0007845899558537385,
    "58": 0.000174353323523053,
    "59": 0,
    "60": 0.0000871766617615265,
    "61": 0.0000871766617615265,
    "62": 0.000348706647046106,
    "63": 0.0018597687842458986,
    "64": 0,
    "65": 0,
    "66": 0,
    "67": 0.0011914143774075289,
    "68": 0.0010170610538844758,
    "69": 0.0006102366323306854,
    "70": 0.000174353323523053,
    "71": 0.0000871766617615265,
    "72": 0.004271656426314798,
    "73": 0.0000871766617615265,
    "74": 0.0011042377156460022,
    "75": 0,
    "76": 0.002993065387145743,
    "77": 0.000523059970569159,
    "78": 0.05474694358623864,
    "79": 0.000174353323523053,
    "80": 0.0015110621371997926,
    "81": 0.0004358833088076325,
    "82": 0.0006683544068383698,
    "83": 0.0011042377156460022,
    "84": 0.000523059970569159,
    "85": 0.0004358833088076325,
    "86": 0.0020631809950227937,
    "87": 0.0043297742008224826,
    "88": 0.008427077303614227,
    "89": 0.0034289486959533755,
    "90": 0.007235662926206699,
    "91": 0.12829498722571317,
    "92": 0.026617940724519423,
    "93": 0.458985124174437,
    "94": 1.0693961098286455,
    "95": 0.8363147751655775,
    "96": 0.06930544610041357,
    "97": 0.0002615299852845795,
    "98": 0.000174353323523053,
    "3.5": 0,
    "3.6": 0
  },
  "chrome": {
    "4": 0,
    "5": 0,
    "6": 0,
    "7": 0,
    "8": 0,
    "9": 0,
    "10": 0,
    "11": 0,
    "12": 0,
    "13": 0,
    "14": 0,
    "15": 0,
    "16": 0,
    "17": 0,
    "18": 0,
    "19": 0,
    "20": 0,
    "21": 0,
    "22": 0,
    "23": 0,
    "24": 0,
    "25": 0,
    "26": 0,
    "27": 0,
    "28": 0,
    "29": 0,
    "30": 0,
    "31": 0,
    "32": 0,
    "33": 0,
    "34": 0,
    "35": 0,
    "36": 0,
    "37": 0.0012785910391690553,
    "38": 0,
    "39": 0.0011042377156460022,
    "40": 0,
    "41": 0.0004358833088076325,
    "42": 0,
    "43": 0.000174353323523053,
    "44": 0.0000871766617615265,
    "45": 0,
    "46": 0,
    "47": 0,
    "48": 0,
    "49": 0.0025571820783381106,
    "50": 0.0002615299852845795,
    "51": 0.000174353323523053,
    "52": 0,
    "53": 0.0002615299852845795,
    "54": 0.0002615299852845795,
    "55": 0.0000871766617615265,
    "56": 0,
    "57": 0,
    "58": 0.0000871766617615265,
    "59": 0.0004358833088076325,
    "60": 0.001046119941138318,
    "61": 0.000523059970569159,
    "62": 0.011332966028998444,
    "63": 0.0040101264410302186,
    "64": 0.30009112867042803,
    "65": 0.026501705175504056,
    "66": 0.000348706647046106,
    "67": 0.01821992230815904,
    "68": 0.008252723980091175,
    "69": 0.007613428460506647,
    "70": 0.33551391223286164,
    "71": 0.008020252882060437,
    "72": 0.30691996717508097,
    "73": 0.015081562484744085,
    "74": 0.01168167267604455,
    "75": 0.01543026913179019,
    "76": 0.07720946343345864,
    "77": 0.00456224529885322,
    "78": 0.025658997445142634,
    "79": 0.6339196254425669,
    "80": 0.32833636708116265,
    "81": 0.04454727416014004,
    "83": 0.09653362345726367,
    "84": 0.025688056332396476,
    "85": 0.0547178846989848,
    "86": 0.05387517696862338,
    "87": 0.18853406050292798,
    "88": 0.061227075443845445,
    "89": 0.06044248548799171,
    "90": 0.11838590667215297,
    "91": 0.503910163868877,
    "92": 0.7118555610573716,
    "93": 0.5159114843047139,
    "94": 5.106663551553954,
    "95": 13.43284839862284,
    "96": 26.325056199887946,
    "97": 3.0020736421944343,
    "98": 0.008252723980091175,
    "99": 0.0002615299852845795,
    "100": 0.007584369573252805
  },
  "safari": {
    "4": 0,
    "5": 0,
    "6": 0,
    "7": 0,
    "8": 0,
    "9": 0,
    "10": 0.0002615299852845795,
    "11": 0.003167418710668796,
    "12": 0.018161804533651356,
    "13": 0.11937390883878363,
    "14": 0.8459623257338532,
    "15": 1.3387138768972546,
    "3.1": 0,
    "3.2": 0,
    "5.1": 0,
    "6.1": 0.0000871766617615265,
    "7.1": 0,
    "9.1": 0.0017144743479766877,
    "10.1": 0.007148486264445173,
    "11.1": 0.04582586519930909,
    "12.1": 0.20506856735036416,
    "13.1": 0.7241184114784929,
    "14.1": 3.403841817366056,
    "15.1": 2.0096835835884703,
    "15.2": 0.3955205144120458,
    "TP": 0
  },
  "opera": {
    "9": 0,
    "11": 0,
    "12": 0,
    "15": 0,
    "16": 0,
    "17": 0,
    "18": 0,
    "19": 0,
    "20": 0,
    "21": 0,
    "22": 0,
    "23": 0,
    "24": 0,
    "25": 0,
    "26": 0,
    "27": 0,
    "28": 0,
    "29": 0,
    "30": 0,
    "31": 0,
    "32": 0,
    "33": 0,
    "34": 0,
    "35": 0,
    "36": 0,
    "37": 0,
    "38": 0,
    "39": 0,
    "40": 0,
    "41": 0,
    "42": 0,
    "43": 0,
    "44": 0,
    "45": 0,
    "46": 0,
    "47": 0,
    "48": 0,
    "49": 0,
    "50": 0,
    "51": 0,
    "52": 0,
    "53": 0,
    "54": 0,
    "55": 0,
    "56": 0,
    "57": 0,
    "58": 0,
    "60": 0,
    "62": 0,
    "63": 0,
    "64": 0,
    "65": 0,
    "66": 0,
    "67": 0,
    "68": 0,
    "69": 0,
    "70": 0,
    "71": 0.000174353323523053,
    "72": 0,
    "73": 0,
    "74": 0,
    "75": 0.000174353323523053,
    "76": 0,
    "77": 0.0007555310685998963,
    "78": 0.0002615299852845795,
    "79": 0.00886296061242186,
    "80": 0.08796125171738024,
    "81": 0.08188794428132723,
    "82": 0.06796873728673683,
    "9.5-9.6": 0,
    "10.0-10.1": 0,
    "10.5": 0,
    "10.6": 0,
    "11.1": 0,
    "11.5": 0,
    "11.6": 0,
    "12.1": 0.0006102366323306854
  },
  "ios_saf": {
    "8": 0.000174353323523053,
    "3.2": 0,
    "4.0-4.1": 0,
    "4.2-4.3": 0,
    "5.0-5.1": 0,
    "6.0-6.1": 0.0000871766617615265,
    "7.0-7.1": 0.0000871766617615265,
    "8.1-8.4": 0.000348706647046106,
    "9.0-9.2": 0.0023828287548150577,
    "9.3": 0.0046494219606147465,
    "10.0-10.2": 0.0012785910391690553,
    "10.3": 0.014180736979874976,
    "11.0-11.2": 0.008775783950660334,
    "11.3-11.4": 0.0075262517987451216,
    "12.0-12.1": 0.009734727230037125,
    "12.2-12.5": 0.1196354388240682,
    "13.0-13.1": 0.0330108959203647,
    "13.2": 0.008514253965375754,