{
  "ie": {
    "6": 0,
    "7": 0.027027921109439853,
    "8": 0.011560770943295563,
    "9": 0.0046630202434906,
    "10": 0.0023579045759537375,
    "11": 1.6013691331287,
    "5.5": 0
  },
  "edge": {
    "12": 0.0007566410206418709,
    "13": 0.008375840135477455,
    "14": 0.02880514769280797,
    "15": 0.014780894356724918,
    "16": 0.05219063412148346,
    "17": 0.19250355269353644,
    "18": 6.498085874180805,
    "79": 0.0032905086246518573,
    "80": 0.6845665643500313,
    "81": 0.6901093997338031
  },
  "firefox": {
    "2": 0,
    "3": 0,
    "4": 0,
    "5": 0,
    "6": 0,
    "7": 0,
    "8": 0,
    "9": 0,
    "10": 0,
    "11": 0,
    "12": 0,
    "13": 0,
    "14": 0,
    "15": 0,
    "16": 0,
    "17": 0,
    "18": 0,
    "19": 0,
    "20": 0,
    "21": 0,
    "22": 0,
    "23": 0,
    "24": 0.00005278890841687471,
    "25": 0,
    "26": 0,
    "27": 0,
    "28": 0,
    "29": 0.00005278890841687471,
    "30": 0,
    "31": 0.0003519260561124981,
    "32": 0,
    "33": 0.0007038521122249962,
    "34": 0,
    "35": 0.10596493549547319,
    "36": 0,
    "37": 0,
    "38": 0.0028330047517056097,
    "39": 0.0004575038729462475,
    "40": 0,
    "41": 0.00022875193647312376,
    "42": 0.0005278890841687471,
    "43": 0.0004751001757518724,
    "44": 0.00012317411963937435,
    "45": 0.0008622188374756203,
    "46": 0,
    "47": 0.00022875193647312376,
    "48": 0.007091310030666837,
    "49": 0.00012317411963937435,
    "50": 0.00022875193647312376,
    "51": 0.0008622188374756203,
    "52": 0.032993067760546696,
    "53": 0.0005102927813631223,
    "54": 0.0023579045759537375,
    "55": 0,
    "56": 0.002023574822646864,
    "57": 0.0008094299290587457,
    "58": 0.0004575038729462475,
    "59": 0.008199877107421205,
    "60": 0.047105302610657866,
    "61": 0.010452203866541193,
    "62": 0.0010381818655318693,
    "63": 0.0036424346807643554,
    "64": 0.0006862558094193714,
    "65": 0.0038711866172374786,
    "66": 0.016804469179371784,
    "67": 0.0028330047517056097,
    "68": 0.11185969693535752,
    "69": 0.010575377986180568,
    "70": 0.011631156154518062,
    "71": 0.05011427039041973,
    "72": 0.3716163189519923,
    "73": 0.7882263841779676,
    "74": 0.8790936918662146,
    "75": 0.6485469325069171,
    "76": 0.16230829707908412,
    "77": 0,
    "78": 0,
    "3.5": 0,
    "3.6": 0
  },
  "chrome": {
    "4": 0,
    "5": 0,
    "6": 0,
    "7": 0,
    "8": 0,
    "9": 0,
    "10": 0,
    "11": 0,
    "12": 0,
    "13": 0,
    "14": 0,
    "15": 0,
    "16": 0,
    "17": 0,
    "18": 0,
    "19": 0,
    "20": 0,
    "21": 0,
    "22": 0,
    "23": 0,
    "24": 0,
    "25": 0,
    "26": 0,
    "27": 0,
    "28": 0,
    "29": 0.00028154084488999845,
    "30": 0.00005278890841687471,
    "31": 0,
    "32": 0,
    "33": 0,
    "34": 0,
    "35": 0.00040471496452937285,
    "36": 0.0006862558094193714,
    "37": 0.0006334669010024966,
    "38": 0,
    "39": 0.0009326040486981199,
    "40": 0,
    "41": 0.00012317411963937435,
    "42": 0,
    "43": 0.0005102927813631223,
    "44": 0,
    "45": 0.00028154084488999845,
    "46": 0,
    "47": 0.00021115563366749885,
    "48": 0.0005806779925856218,
    "49": 0.027678984313247973,
    "50": 0.00012317411963937435,
    "51": 0.002410693484370612,
    "52": 0.00010557781683374943,
    "53": 0.0023227119703424872,
    "54": 0.0009853929571149948,
    "55": 0.0005630816897799969,
    "56": 0.0009326040486981199,
    "57": 0.02806610297497172,
    "58": 0.01173673397135181,
    "59": 0.0011437596823656187,
    "60": 0.0033960864414856067,
    "61": 0.0015132820412837417,
    "62": 0.04370921616917227,
    "63": 0.053475164226294086,
    "64": 0.10538425750288756,
    "65": 0.0816820376237108,
    "66": 0.015519939074561166,
    "67": 0.0919230858565845,
    "68": 0.007390447178362459,
    "69": 0.09528397969245886,
    "70": 0.1511874337059292,
    "71": 0.04180881546616477,
    "72": 0.16200915993138848,
    "73": 0.10193538215298506,
    "74": 0.1089563069724294,
    "75": 1.1405043663465781,
    "76": 0.2740448198948022,
    "77": 0.2359840169262356,
    "78": 0.6856575351239801,
    "79": 7.67809394032601,
    "80": 30.8045275990971,
    "81": 11.673316896040339,
    "83": 0.007020924819444337,
    "84": 0.00183001549178499,
    "85": 0
  },
  "safari": {
    "4": 0,
    "5": 0,
    "6": 0,
    "7": 0,
    "8": 0.0011085670767543691,
    "9": 0.0004223112673349977,
    "10": 0.009537196120648699,
    "11": 0.06236129714313467,
    "12": 0.3067739431132646,
    "13": 5.438542097042906,
    "3.1": 0,
    "3.2": 0,
    "5.1": 0,
    "6.1": 0,
    "7.1": 0,
    "9.1": 0.021467489422862383,
    "10.1": 0.11557251682734439,
    "11.1": 0.49885518453946603,
    "12.1": 1.344392726955354,
    "13.1": 1.9232055114435795,
    "TP": 0
  },
  "opera": {
    "9": 0,
    "11": 0,
    "12": 0,
    "15": 0,
    "16": 0,
    "17": 0,
    "18": 0,
    "19": 0,
    "20": 0,
    "21": 0,
    "22": 0,
    "23": 0,
    "24": 0,
    "25": 0,
    "26": 0,
    "27": 0,
    "28": 0,
    "29": 0,
    "30": 0,
    "31": 0,
    "32": 0,
    "33": 0,
    "34": 0,
    "35": 0,
    "36": 0,
    "37": 0,
    "38": 0,
    "39": 0,
    "40": 0,
    "41": 0,
    "42": 0,
    "43": 0,
    "44": 0,
    "45": 0,
    "46": 0,
    "47": 0,
    "48": 0,
    "49": 0,
    "50": 0,
    "51": 0.00005278890841687471,
    "52": 0,
    "53": 0,
    "54": 0,
    "55": 0,
    "56": 0,
    "57": 0,
    "58": 0,
    "60": 0.00005278890841687471,
    "62": 0,
    "63": 0,
    "64": 0.00012317411963937435,
    "65": 0.0005278890841687471,
    "66": 0.04502893887959413,
    "67": 0.0462782763787935,
    "68": 0.009783544359927447,
    "9.5-9.6": 0.00005278890841687471,
    "10.0-10.1": 0,
    "10.5": 0,
    "10.6": 0.00005278890841687471,
    "11.1": 0,
    "11.5": 0,
    "11.6": 0,
    "12.1": 0.00017596302805624904
  },
  "ios_saf": {
    "8": 0,
    "3.2": 0,
    "4.0-4.1": 0,
    "4.2-4.3": 0,
    "5.0-5.1": 0,
    "6.0-6.1": 0,
    "7.0-7.1": 0.0026746380264549854,
    "8.1-8.4": 0.0017772265833681153,
    "9.0-9.2": 0.009238058972953074,
    "9.3": 0.025409061251322362,
    "10.0-10.2": 0.009572388726259949,
    "10.3": 0.06213254520666154,
    "11.0-11.2": 0.0885973846263214,
    "11.3-11.4": 0.1793239218921234,
    "12.0-12.1": 0.20043948525887328,
    "12.2-12.4": 1.1736206082267644,
    "13.0-13.1": 0.5547234459473251,
    "13.2": 0.24003116657152931,
    "13.3": 12.890734701950304,
    "13.4": 0.8424757857277091
  },
  "op_mini": {
    "all": 0.004170323764933102
  },
  "android": {
    "3": 0,
    "4": 0.00010557781683374943,
    "81": 0.13010706294479055,
    "2.1": 0.00005278890841687471,
    "2.2": 0,
    "2.3": 0,
    "4.1": 0,
    "4.2-4.3": 0.00005278890841687471,
    "4.4": 0,
    "4.4.3-4.4.4": 0
  },
  "bb": {
    "7": 0,
    "10": 0
  },
  "op_mob": {
    "10": 0.0015660709497006165,
    "11": 0.0015660709497006165,
    "12": 0.0015660709497006165,
    "46": 0.0015660709497006165,
    "11.1": 0.0015660709497006165,
    "11.5": 0.0015660709497006165,
    "12.1": 0.0015660709497006165
  },
  "and_chr": {
    "81": 6.010492323436938
  },
  "and_ff": {
    "68": 0.0741156274172921
  },
  "ie_mob": {
    "10": 0,
    "11": 0
  },
  "and_uc": {
    "12.12": 0.02113315966955551
  },
  "samsung": {
    "4": 0.0012669338020049933,
    "5.0-5.4": 0.0024282897871762367,
    "6.2-6.4": 0.00276261954048311,
    "7.2-7.4": 0.0003871186617237479,
    "8.2": 0.0036952235891812295,
    "9.2": 0.0056660095034112195,
    "10.1": 0.01388348291363805,
    "11.1": 0.3679034990600055
  },
  "and_qq": {
    "1.2": 0
  },
  "baidu": {
    "7.12": 0
  },
  "kaios": {
    "2.5": 0
  }
}