{
  "ie": {
    "6": 0.00009222443492551648,
    "7": 0.016108534633656878,
    "8": 0,
    "9": 0,
    "10": 0,
    "11": 0.17476530418385372,
    "5.5": 0
  },
  "edge": {
    "12": 0.001383366523882747,
    "13": 0,
    "14": 0.0004303806963190769,
    "15": 0.0008607613926381538,
    "16": 0.0037812018319461757,
    "17": 0.005349017225679956,
    "18": 0.028189935608899538,
    "79": 0,
    "80": 0.0019674546117443513,
    "81": 0.0006148295661701098,
    "83": 0.0007685369577126373,
    "84": 0.0037812018319461757,
    "85": 0.0009529858275636701,
    "86": 0,
    "87": 0.0002459318264680439,
    "88": 0.004949378007669384,
    "89": 0.00313563078746756,
    "90": 0.012849937932955295,
    "91": 0.017891540375550196,
    "92": 0.015094065849476196,
    "93": 0.003965650701797208,
    "94": 0.02951181917616527,
    "95": 0.0728265621128495,
    "96": 2.7542827490505495,
    "97": 3.5380982214825143,
    "98": 3.7386248844888956,
    "99": 1.5077772865972687
  },
  "firefox": {
    "2": 0,
    "3": 0,
    "4": 0,
    "5": 0,
    "6": 0,
    "7": 0,
    "8": 0,
    "9": 0,
    "10": 0,
    "11": 0,
    "12": 0,
    "13": 0,
    "14": 0,
    "15": 0,
    "16": 0,
    "17": 0,
    "18": 0,
    "19": 0,
    "20": 0,
    "21": 0,
    "22": 0,
    "23": 0,
    "24": 0,
    "25": 0,
    "26": 0,
    "27": 0,
    "28": 0,
    "29": 0.00009222443492551648,
    "30": 0,
    "31": 0,
    "32": 0,
    "33": 0.00009222443492551648,
    "34": 0,
    "35": 0,
    "36": 0,
    "37": 0.0004303806963190769,
    "38": 0.00009222443492551648,
    "39": 0,
    "40": 0,
    "41": 0,
    "42": 0,
    "43": 0.0002459318264680439,
    "44": 0,
    "45": 0,
    "46": 0,
    "47": 0,
    "48": 0.002244127916520901,
    "49": 0,
    "50": 0,
    "51": 0.00018444886985103295,
    "52": 0.0005533466095530988,
    "53": 0.00018444886985103295,
    "54": 0.00009222443492551648,
    "55": 0,
    "56": 0.001383366523882747,
    "57": 0.0011374346974147031,
    "58": 0.00009222443492551648,
    "59": 0.00009222443492551648,
    "60": 0.0004303806963190769,
    "61": 0.0004303806963190769,
    "62": 0,
    "63": 0.0012911420889572306,
    "64": 0,
    "65": 0,
    "66": 0,
    "67": 0.001198917654031714,
    "68": 0.0012911420889572306,
    "69": 0,
    "70": 0.0003688977397020659,
    "71": 0.00018444886985103295,
    "72": 0.006117554183392592,
    "73": 0.00018444886985103295,
    "74": 0.0015370739154252746,
    "75": 0.00009222443492551648,
    "76": 0.0012911420889572306,
    "77": 0.00009222443492551648,
    "78": 0.03366191874781351,
    "79": 0.0006148295661701098,
    "80": 0.0008607613926381538,
    "81": 0.00046112217462758237,
    "82": 0.0011066932191061976,
    "83": 0.00018444886985103295,
    "84": 0.0002766733047765494,
    "85": 0.0006763125227871208,
    "86": 0.002244127916520901,
    "87": 0.003965650701797208,
    "88": 0.005010860964286395,
    "89": 0.002244127916520901,
    "90": 0.0038119433102546804,
    "91": 0.17673275879559808,
    "92": 0.0038734262668716915,
    "93": 0.01042136114658336,
    "94": 0.03999466327936564,
    "95": 0.7274663426924739,
    "96": 0.6729617016514937,
    "97": 0.7651861365770102,
    "98": 0.18125175610694835,
    "99": 0.0009529858275636701,
    "100": 0.0002766733047765494,
    "3.5": 0,
    "3.6": 0
  },
  "chrome": {
    "4": 0,
    "5": 0,
    "6": 0,
    "7": 0,
    "8": 0,
    "9": 0,
    "10": 0,
    "11": 0,
    "12": 0,
    "13": 0,
    "14": 0,
    "15": 0,
    "16": 0,
    "17": 0,
    "18": 0,
    "19": 0,
    "20": 0,
    "21": 0,
    "22": 0,
    "23": 0,
    "24": 0,
    "25": 0,
    "26": 0,
    "27": 0,
    "28": 0,
    "29": 0,
    "30": 0,
    "31": 0,
    "32": 0,
    "33": 0,
    "34": 0,
    "35": 0,
    "36": 0.00009222443492551648,
    "37": 0.0007685369577126373,
    "38": 0,
    "39": 0.00018444886985103295,
    "40": 0,
    "41": 0,
    "42": 0,
    "43": 0.00009222443492551648,
    "44": 0.00009222443492551648,
    "45": 0,
    "46": 0,
    "47": 0,
    "48": 0.0002766733047765494,
    "49": 0.0033508211356270984,
    "50": 0.00018444886985103295,
    "51": 0.00018444886985103295,
    "52": 0,
    "53": 0.00018444886985103295,
    "54": 0,
    "55": 0.00009222443492551648,
    "56": 0,
    "57": 0,
    "58": 0.001998196090052857,
    "59": 0.00009222443492551648,
    "60": 0.0011066932191061976,
    "61": 0.0010452102624891866,
    "62": 0.009714307145487735,
    "63": 0.0012296591323402196,
    "64": 0.11109970260693884,
    "65": 0.022410537686900503,
    "66": 0.003996392180105714,
    "67": 0.013034386802806327,
    "68": 0.004211582528265253,
    "69": 0.004273065484882263,
    "70": 0.12158254671013921,
    "71": 0.012911420889572306,
    "72": 0.12434927975790472,
    "73": 0.012235108366785184,
    "74": 0.0078390769686689,
    "75": 0.014417753326689074,
    "76": 0.06723161306070151,
    "77": 0.003381562613935604,
    "78": 0.020504566031773162,
    "79": 0.2858650067907926,
    "80": 0.14162599056728478,
    "81": 0.02284091838321958,
    "83": 0.07273433767792399,
    "84": 0.020627531945007185,
    "85": 0.04251546450066309,
    "86": 0.03808869162423831,
    "87": 0.14070374621802964,
    "88": 0.060745161137606855,
    "89": 0.0509078880788851,
    "90": 0.05877770652586249,
    "91": 0.2301307066174721,
    "92": 0.2008955607460834,
    "93": 0.09489894353835646,
    "94": 0.4740028540388462,
    "95": 0.535178395872772,
    "96": 13.597509202461532,
    "97": 14.486921652883211,
    "98": 14.18215063693269,
    "99": 5.343422276627807,
    "100": 0.015985568720422855,
    "101": 0.0008607613926381538,
    "102": 0
  },
  "safari": {
    "4": 0,
    "5": 0.0002766733047765494,
    "6": 0,
    "7": 0,
    "8": 0,
    "9": 0,
    "10": 0.0014755909588082636,
    "11": 0.00156781539373378,
    "12": 0.02302536725307061,
    "13": 0.08607613926381537,
    "14": 0.6481533286565297,
    "15": 0.6265728108839589,
    "3.1": 0,
    "3.2": 0,
    "5.1": 0,
    "6.1": 0,
    "7.1": 0,
    "9.1": 0.003012664874233538,
    "10.1": 0.004150099571648241,
    "11.1": 0.035936788142642916,
    "12.1": 0.19078161438258506,
    "13.1": 0.6642618632901867,
    "14.1": 2.431312777941391,
    "15.1": 1.5700902631286096,
    "15.2-15.3": 0,
    "15.4": 0.019643804639135006,
    "TP": 0
  },
  "opera": {
    "9": 0,
    "11": 0,
    "12": 0,
    "15": 0,
    "16": 0,
    "17": 0,
    "18": 0,
    "19": 0,
    "20": 0,
    "21": 0,
    "22": 0,
    "23": 0,
    "24": 0,
    "25": 0,
    "26": 0,
    "27": 0,
    "28": 0,
    "29": 0,
    "30": 0,
    "31": 0,
    "32": 0,
    "33": 0,
    "34": 0,
    "35": 0,
    "36": 0,
    "37": 0,
    "38": 0,
    "39": 0,
    "40": 0,
    "41": 0,
    "42": 0,
    "43": 0,
    "44": 0,
    "45": 0,
    "46": 0,
    "47": 0,
    "48": 0,
    "49": 0,
    "50": 0,
    "51": 0,
    "52": 0,
    "53": 0,
    "54": 0,
    "55": 0,
    "56": 0,
    "57": 0,
    "58": 0,
    "60": 0,
    "62": 0,
    "63": 0,
    "64": 0,
    "65": 0,
    "66": 0,
    "67": 0.00018444886985103295,
    "68": 0,
    "69": 0,
    "70": 0,
    "71": 0,
    "72": 0.0002766733047765494,
    "73": 0,
    "74": 0.001198917654031714,
    "75": 0,
    "76": 0,
    "77": 0,
    "78": 0,
    "79": 0.00009222443492551648,
    "80": 0.0006148295661701098,
    "81": 0.007070540010956262,
    "82": 0.10971633608305609,
    "83": 0.08816655978879376,
    "9.5-9.6": 0,
    "10.0-10.1": 0,
    "10.5": 0,
    "10.6": 0,
    "11.1": 0,
    "11.5": 0,
    "11.6": 0,
    "12.1": 0.0012911420889572306
  },
  "ios_saf": {
    "8": 0,
    "3.2": 0,
    "4.0-4.1": 0,
    "4.2-4.3": 0,
    "5.0-5.1": 0,
    "6.0-6.1": 0,
    "7.0-7.1": 0.0007070540010956262,
    "8.1-8.4": 0.0008607613926381538,
    "9.0-9.2": 0.002582284177914461,
    "9.3": 0.0072549888808072956,
    "10.0-10.2": 0.0005533466095530988,
    "10.3": 0.011558795843998064,
    "11.0-11.2": 0.006240520096626614,
    "11.3-11.4": 0.005779397921999032,
    "12.0-12.1": 0.008361682099913493,
    "12.2-12.5": 0.095175616843133,