{
  "ie": {
    "6": 0,
    "7": 0.019189939232552126,
    "8": 0,
    "9": 0.0020790833404715197,
    "10": 0.00006237250021414558,
    "11": 0.8301363961834682,
    "5.5": 0
  },
  "edge": {
    "12": 0.00012474500042829116,
    "13": 0.0003742350012848735,
    "14": 0.003409696678373292,
    "15": 0.0028275533430412664,
    "16": 0.0179216983948645,
    "17": 0.05401458518545008,
    "18": 0.7759346934973758,
    "79": 0.00006237250021414558,
    "80": 0.021955120075379246,
    "81": 0.06002313603941276,
    "83": 0.0027028083426129754,
    "84": 0.008628195862956805,
    "85": 0.0529542526818096,
    "86": 2.7271544085298967,
    "87": 5.812015105787919,
    "88": 0.6074457795855639
  },
  "firefox": {
    "2": 0,
    "3": 0,
    "4": 0,
    "5": 0,
    "6": 0,
    "7": 0,
    "8": 0,
    "9": 0.00006237250021414558,
    "10": 0,
    "11": 0,
    "12": 0,
    "13": 0,
    "14": 0,
    "15": 0,
    "16": 0,
    "17": 0.00006237250021414558,
    "18": 0,
    "19": 0,
    "20": 0,
    "21": 0,
    "22": 0,
    "23": 0,
    "24": 0,
    "25": 0,
    "26": 0.00012474500042829116,
    "27": 0.00006237250021414558,
    "28": 0.00012474500042829116,
    "29": 0,
    "30": 0,
    "31": 0,
    "32": 0.0003742350012848735,
    "33": 0,
    "34": 0,
    "35": 0,
    "36": 0,
    "37": 0,
    "38": 0,
    "39": 0,
    "40": 0,
    "41": 0.00006237250021414558,
    "42": 0,
    "43": 0.00006237250021414558,
    "44": 0,
    "45": 0.00012474500042829116,
    "46": 0.00006237250021414558,
    "47": 0.0012682408376876269,
    "48": 0.0031394158441119943,
    "49": 0,
    "50": 0.00018711750064243676,
    "51": 0.002266200841113956,
    "52": 0.0025156908419705385,
    "53": 0,
    "54": 0.002328573341328102,
    "55": 0.00006237250021414558,
    "56": 0.0025156908419705385,
    "57": 0.00018711750064243676,
    "58": 0.0006860975023556014,
    "59": 0.00012474500042829116,
    "60": 0.0006860975023556014,
    "61": 0,
    "62": 0.00043660750149901906,
    "63": 0.0008108425027838925,
    "64": 0.00006237250021414558,
    "65": 0.0011434958372593357,
    "66": 0.0015177308385442092,
    "67": 0.0008732150029980381,
    "68": 0.021352185906642507,
    "69": 0.004615565015846774,
    "70": 0.0056135250192731025,
    "71": 0.0006860975023556014,
    "72": 0.006673857522913578,
    "73": 0.002016710840257374,
    "74": 0.013243760878803577,
    "75": 0.0011434958372593357,
    "76": 0.0026404358423988295,
    "77": 0.009023221697646395,
    "78": 0.16310408805999072,
    "79": 0.002141455840685665,
    "80": 0.02004236340214545,
    "81": 0.09740505450109069,
    "82": 0.6803592323359,
    "83": 0.8476006962434289,
    "84": 1.0470887427616713,
    "85": 0.05653027602742062,
    "86": 0.0054887800188448115,
    "87": 0,
    "3.5": 0,
    "3.6": 0.00006237250021414558
  },
  "chrome": {
    "4": 0,
    "5": 0,
    "6": 0,
    "7": 0,
    "8": 0,
    "9": 0,
    "10": 0,
    "11": 0,
    "12": 0,
    "13": 0,
    "14": 0,
    "15": 0,
    "16": 0,
    "17": 0,
    "18": 0,
    "19": 0.00006237250021414558,
    "20": 0,
    "21": 0,
    "22": 0,
    "23": 0,
    "24": 0,
    "25": 0,
    "26": 0,
    "27": 0,
    "28": 0.00006237250021414558,
    "29": 0,
    "30": 0.00006237250021414558,
    "31": 0.00012474500042829116,
    "32": 0,
    "33": 0,
    "34": 0,
    "35": 0,
    "36": 0,
    "37": 0.0006860975023556014,
    "38": 0.00006237250021414558,
    "39": 0.0003118625010707279,
    "40": 0.0009355875032121837,
    "41": 0.0003742350012848735,
    "42": 0.00012474500042829116,
    "43": 0,
    "44": 0.00012474500042829116,
    "45": 0.00006237250021414558,
    "46": 0,
    "47": 0,
    "48": 0,
    "49": 0.01228738254218668,
    "50": 0.00006237250021414558,
    "51": 0,
    "52": 0.0003742350012848735,
    "53": 0.001829593339614937,
    "54": 0.0011227050038546205,
    "55": 0.00012474500042829116,
    "56": 0.002141455840685665,
    "57": 0.0005613525019273102,
    "58": 0.009646946699787851,
    "59": 0.0008732150029980381,
    "60": 0.0012474500042829117,
    "61": 0.0003742350012848735,
    "62": 0.006174877521200413,
    "63": 0.012744780877090413,
    "64": 0.25894983005572775,
    "65": 0.07087595107667409,
    "66": 0.005675897519487248,
    "67": 0.03135257677431051,
    "68": 0.019356265899789848,
    "69": 0.040438170972171054,
    "70": 0.2899697534955628,
    "71": 0.04470029182013767,
    "72": 0.3015086660351798,
    "73": 0.010894396704070762,
    "74": 0.057611399364465805,
    "75": 0.054243284352901946,
    "76": 0.0835999411203598,
    "77": 0.048671341000438274,
    "78": 0.056052086859112164,
    "79": 0.6824175248429668,
    "80": 0.3712411212745945,
    "81": 0.10524319869466832,
    "83": 0.7523578884164287,
    "84": 0.4404953873457009,
    "85": 1.3067454611531593,
    "86": 20.93036068769424,
    "87": 29.027579456328024,
    "88": 1.6243254414101842,
    "89": 0.004386865848394907,
    "90": 0.00018711750064243676,
    "91": 0
  },
  "safari": {
    "4": 0,
    "5": 0.00012474500042829116,
    "6": 0,
    "7": 0.0005613525019273102,
    "8": 0.0012058683374734814,
    "9": 0,
    "10": 0.003908676680086457,
    "11": 0.01773458089422206,
    "12": 0.06967008273920063,
    "13": 0.35695781872555515,
    "14": 6.03160788820852,
    "3.1": 0,
    "3.2": 0,
    "5.1": 0,
    "6.1": 0.0008108425027838925,
    "7.1": 0,
    "9.1": 0.005426407518630666,
    "10.1": 0.025510352587585546,
    "11.1": 0.18042285228611846,
    "12.1": 0.48683815500481104,
    "13.1": 2.244100185204744,
    "TP": 0
  },
  "opera": {
    "9": 0,
    "11": 0,
    "12": 0,
    "15": 0,
    "16": 0,
    "17": 0,
    "18": 0,
    "19": 0,
    "20": 0,
    "21": 0,
    "22": 0,
    "23": 0,
    "24": 0,
    "25": 0,
    "26": 0,
    "27": 0,
    "28": 0,
    "29": 0,
    "30": 0,
    "31": 0,
    "32": 0,
    "33": 0,
    "34": 0,
    "35": 0,
    "36": 0,
    "37": 0,
    "38": 0,
    "39": 0,
    "40": 0,
    "41": 0,
    "42": 0,
    "43": 0,
    "44": 0,
    "45": 0,
    "46": 0,
    "47": 0,
    "48": 0,
    "49": 0,
    "50": 0,
    "51": 0,
    "52": 0,
    "53": 0.0006860975023556014,
    "54": 0,
    "55": 0,
    "56": 0,
    "57": 0.00006237250021414558,
    "58": 0,
    "60": 0,
    "62": 0,
    "63": 0,
    "64": 0,
    "65": 0,
    "66": 0.00006237250021414558,
    "67": 0,
    "68": 0,
    "69": 0,
    "70": 0,
    "71": 0.025260862586728963,
    "72": 0.04607248682484887,
    "9.5-9.6": 0,
    "10.0-10.1": 0,
    "10.5": 0,
    "10.6": 0,
    "11.1": 0,
    "11.5": 0,
    "11.6": 0,
    "12.1": 0.0009355875032121837
  },
  "ios_saf": {
    "8": 0,
    "3.2": 0.00006237250021414558,
    "4.0-4.1": 0.00006237250021414558,
    "4.2-4.3": 0,
    "5.0-5.1": 0,
    "6.0-6.1": 0.00006237250021414558,
    "7.0-7.1": 0.0006860975023556014,
    "8.1-8.4": 0.00012474500042829116,
    "9.0-9.2": 0.001704848339186646,
    "9.3": 0.00748470002569747,
    "10.0-10.2": 0.000748470002569747,
    "10.3": 0.029252702600434277,
    "11.0-11.2": 0.013950649214563895,
    "11.3-11.4": 0.04759021766339308,
    "12.0-12.1": 0.0417272026432634,
    "12.2-12.4": 0.24512392584159215,
    "13.0-13.1": 0.05829749686682141,
    "13.2": 0.05312057934904732,
    "13.3": 0.24117366749469626,
    "13.4-13.7": 1.5939292429724905,
    "14.0-14.3": 11.645403188315884
  },
  "op_mini": {
    "all": 0.01033304420214345
  },
  "android": {
    "3": 0,
    "4": 0,
    "81": 0.12640826710066838,
    "2.1": 0,
    "2.2": 0.00018711750064243676,
    "2.3": 0.00006237250021414558,
    "4.1": 0.0003118625010707279,
    "4.2-4.3": 0,
    "4.4": 0,
    "4.4.3-4.4.4": 0
  },
  "bb": {
    "7": 0,
    "10": 0.0003118625010707279
  },
  "op_mob": {
    "10": 0.0032849516779450004,
    "11": 0.0032849516779450004,
    "12": 0.0032849516779450004,
    "59": 0.0032849516779450004,
    "11.1": 0.0032849516779450004,
    "11.5": 0.0032849516779450004,
    "12.1": 0.0032849516779450004
  },
  "and_chr": {
    "88": 4.957969251189027
  },
  "and_ff": {
    "83": 0.03222579177730855
  },