{
  "ie": {
    "6": 0,
    "7": 0.03229012519268138,
    "8": 0.012313447825926645,
    "9": 0.05734352015470644,
    "10": 0.0018573357055867007,
    "11": 3.8107988524692114,
    "5.5": 0
  },
  "edge": {
    "12": 0.05362884874353303,
    "13": 0.03700913368909796,
    "14": 0.2906111267341324,
    "15": 0.0980673252549778,
    "16": 0.26184306036093397,
    "17": 5.244758323477989,
    "18": 2.3573992677419584
  },
  "firefox": {
    "2": 0,
    "3": 0,
    "4": 0,
    "5": 0,
    "6": 0,
    "7": 0,
    "8": 0,
    "9": 0,
    "10": 0,
    "11": 0,
    "12": 0,
    "13": 0,
    "14": 0,
    "15": 0,
    "16": 0,
    "17": 0.00005503216905442076,
    "18": 0,
    "19": 0,
    "20": 0,
    "21": 0,
    "22": 0,
    "23": 0,
    "24": 0.00011006433810884152,
    "25": 0,
    "26": 0,
    "27": 0.00005503216905442076,
    "28": 0,
    "29": 0.00011006433810884152,
    "30": 0.000577837775071418,
    "31": 0,
    "32": 0,
    "33": 0,
    "34": 0,
    "35": 0.3048507004769638,
    "36": 0.00016509650716326228,
    "37": 0.0004815314792261817,
    "38": 0.0005915958173350231,
    "39": 0.00016509650716326228,
    "40": 0,
    "41": 0.00016509650716326228,
    "42": 0.0004264993101717609,
    "43": 0.002228802846704041,
    "44": 0.00026140280300849866,
    "45": 0.006438763779367229,
    "46": 0.00005503216905442076,
    "47": 0.002297593058022067,
    "48": 0.0217377067764962,
    "49": 0.0013345300995697036,
    "50": 0.00575086166618697,
    "51": 0.005682071454868944,
    "52": 0.10773922896629225,
    "53": 0.00037146714111734014,
    "54": 0.00016509650716326228,
    "55": 0.00016509650716326228,
    "56": 0.009493049161887581,
    "57": 0.008199793189108693,
    "58": 0.007085391765756673,
    "59": 0.020609547310880577,
    "60": 0.1521639474354734,
    "61": 0.012684914967043987,
    "62": 0.018064309492113618,
    "63": 0.05135877177003818,
    "64": 0.6616242524567736,
    "65": 1.589865605939952,
    "66": 0.829541158284075,
    "67": 0.003040527340256747,
    "68": 0.00016509650716326228,
    "3.5": 0,
    "3.6": 0
  },
  "chrome": {
    "4": 0,
    "5": 0,
    "6": 0,
    "7": 0,
    "8": 0,
    "9": 0,
    "10": 0,
    "11": 0.00005503216905442076,
    "12": 0,
    "13": 0,
    "14": 0,
    "15": 0,
    "16": 0,
    "17": 0.00005503216905442076,
    "18": 0,
    "19": 0,
    "20": 0,
    "21": 0,
    "22": 0.00005503216905442076,
    "23": 0,
    "24": 0,
    "25": 0.00005503216905442076,
    "26": 0.00016509650716326228,
    "27": 0,
    "28": 0,
    "29": 0,
    "30": 0,
    "31": 0,
    "32": 0.00011006433810884152,
    "33": 0,
    "34": 0.00020637063395407786,
    "35": 0,
    "36": 0.005420668651860445,
    "37": 0.0005365636482806025,
    "38": 0.000646627986389444,
    "39": 0.00254523781876696,
    "40": 0.0009080307893979426,
    "41": 0.00016509650716326228,
    "42": 0.01147420724784673,
    "43": 0.00016509650716326228,
    "44": 0.0031368336361019835,
    "45": 0.005572007116760102,
    "46": 0.002435173480658119,
    "47": 0.0073330365265015665,
    "48": 0.005255572144697182,
    "49": 0.17343388077500704,
    "50": 0.0019811580859591476,
    "51": 0.004099896594554346,
    "52": 0.00033019301432652456,
    "53": 0.0018710937478503059,
    "54": 0.002187528719913225,
    "55": 0.01201077089612733,
    "56": 0.034353831532222164,
    "57": 0.1308940140959398,
    "58": 0.07539407160455644,
    "59": 0.023484978143974062,
    "60": 0.02354001031302848,
    "61": 0.05134501372777457,
    "62": 0.043544203764310424,
    "63": 0.1243039118516729,
    "64": 0.05241814102433577,
    "65": 0.11639303755009991,
    "66": 0.1119079157721646,
    "67": 1.5550715170552947,
    "68": 0.21834013072341438,
    "69": 0.2685019528165189,
    "70": 0.5499777394876175,
    "71": 12.346921142753997,
    "72": 20.044339418607144,
    "73": 11.838368868522094,
    "74": 0.039279210662592816,
    "75": 0.011983254811600121,
    "76": 0.00011006433810884152
  },
  "safari": {
    "4": 0,
    "5": 0,
    "6": 0,
    "7": 0.002806640621775459,
    "8": 0.015807990560882366,
    "9": 0.017403923463460567,
    "10": 0.06302559160957538,
    "11": 0.2530241552699631,
    "12": 5.591543536774422,
    "3.1": 0,
    "3.2": 0,
    "5.1": 0.00016509650716326228,
    "6.1": 0,
    "7.1": 0,
    "9.1": 0.11342130042116119,
    "10.1": 0.49790354951987187,
    "11.1": 1.111113251251019,
    "12.1": 0.5892569501502103,
    "TP": 0
  },
  "opera": {
    "9": 0,
    "11": 0,
    "12": 0,
    "15": 0,
    "16": 0,
    "17": 0,
    "18": 0,
    "19": 0,
    "20": 0,
    "21": 0,
    "22": 0,
    "23": 0,
    "24": 0,
    "25": 0,
    "26": 0,
    "27": 0,
    "28": 0,
    "29": 0,
    "30": 0,
    "31": 0,
    "32": 0,
    "33": 0,
    "34": 0,
    "35": 0,
    "36": 0.0009080307893979426,
    "37": 0,
    "38": 0,
    "39": 0,
    "40": 0.00005503216905442076,
    "41": 0,
    "42": 0,
    "43": 0,
    "44": 0,
    "45": 0,
    "46": 0.00143083639541494,
    "47": 0,
    "48": 0,
    "49": 0.00005503216905442076,
    "50": 0,
    "51": 0,
    "52": 0,
    "53": 0.00005503216905442076,
    "54": 0.00005503216905442076,
    "55": 0.00005503216905442076,
    "56": 0.007374310653292381,
    "57": 0.03314312381302491,
    "58": 0.08659311800713107,
    "9.5-9.6": 0,
    "10.0-10.1": 0,
    "10.5": 0,
    "10.6": 0,
    "11.1": 0,
    "11.5": 0,
    "11.6": 0,
    "12.1": 0.00031643497206291935
  },
  "ios_saf": {
    "8": 0.00031643497206291935,
    "3.2": 0,
    "4.0-4.1": 0,
    "4.2-4.3": 0,
    "5.0-5.1": 0.0005365636482806025,
    "6.0-6.1": 0.002022432212749963,
    "7.0-7.1": 0.011735610050855229,
    "8.1-8.4": 0.007099149808020278,
    "9.0-9.2": 0.01401944506661369,
    "9.3": 0.11542997459164754,
    "10.0-10.2": 0.12424887968261848,
    "10.3": 0.2921382694253926,
    "11.0-11.2": 0.5842077486394672,
    "11.3-11.4": 1.2936411979622688,
    "12.0-12.1": 15.494541083990645,
    "12.2": 1.5370622397322353
  },
  "op_mini": {
    "all": 0.011033949895411363
  },
  "android": {
    "3": 0,
    "4": 0.001224465761460862,
    "67": 0.160611385385327,
    "2.1": 0,
    "2.2": 0,
    "2.3": 0,
    "4.1": 0,
    "4.2-4.3": 0,
    "4.4": 0.00026140280300849866,
    "4.4.3-4.4.4": 0
  },
  "bb": {
    "7": 0.00011006433810884152,
    "10": 0.00046777343696257647
  },
  "op_mob": {
    "10": 0.002751608452721038,
    "11": 0.002751608452721038,
    "12": 0.002751608452721038,
    "46": 0.002751608452721038,
    "11.1": 0.002751608452721038,
    "11.5": 0.002751608452721038,
    "12.1": 0.002751608452721038
  },
  "and_chr": {
    "73": 6.750011969496769
  },
  "and_ff": {
    "66": 0.0972693588036887
  },
  "ie_mob": {
    "10": 0,
    "11": 0
  },
  "and_uc": {
    "11.8": 0.006823988962748174
  },
  "samsung": {
    "4": 0,
    "5.0-5.4": 0,
    "6.2-6.4": 0,
    "7.2-7.4": 0,
    "8.2": 0,
    "9.2": 0
  },
  "and_qq": {
    "1.2": 0
  },
  "baidu": {
    "7.12": 0
  },
  "kaios": {
    "2.5": 0
  }
}