{
  "ie": {
    "6": 0.00025152832479813885,
    "7": 0.03759381039098337,
    "8": 0.015439969476070368,
    "9": 0.06158574291019046,
    "10": 0.0014704732834352732,
    "11": 3.7381752664845855,
    "5.5": 0
  },
  "edge": {
    "12": 0.0130020795587961,
    "13": 0.014569294505615272,
    "14": 0.03360805385956671,
    "15": 0.04132803859760189,
    "16": 0.11788939099962,
    "17": 2.208766961715841,
    "18": 6.391160598126618,
    "76": 0
  },
  "firefox": {
    "2": 0,
    "3": 0,
    "4": 0,
    "5": 0,
    "6": 0,
    "7": 0,
    "8": 0,
    "9": 0,
    "10": 0,
    "11": 0,
    "12": 0,
    "13": 0.00009674166338389956,
    "14": 0,
    "15": 0,
    "16": 0,
    "17": 0,
    "18": 0,
    "19": 0,
    "20": 0,
    "21": 0,
    "22": 0,
    "23": 0,
    "24": 0.00009674166338389956,
    "25": 0,
    "26": 0,
    "27": 0,
    "28": 0,
    "29": 0.000058044998030339736,
    "30": 0,
    "31": 0,
    "32": 0,
    "33": 0.0001547866614142393,
    "34": 0,
    "35": 0.17663092900632382,
    "36": 0.000058044998030339736,
    "37": 0,
    "38": 0.0001547866614142393,
    "39": 0.000058044998030339736,
    "40": 0.00021283165944457904,
    "41": 0,
    "42": 0,
    "43": 0.0003676183208588183,
    "44": 0.00009674166338389956,
    "45": 0.0024378899172742686,
    "46": 0,
    "47": 0.000870674970455096,
    "48": 0.00899697469470266,
    "49": 0.0010254616318693354,
    "50": 0.0011415516279300148,
    "51": 0.001934833267677991,
    "52": 0.09149826522849219,
    "53": 0.0003095733228284786,
    "54": 0.0004643599842427179,
    "55": 0.0001547866614142393,
    "56": 0.007507153078590606,
    "57": 0.010467447978137931,
    "58": 0.003037688230254446,
    "59": 0.0006965399763640768,
    "60": 0.19570838502562882,
    "61": 0.010544841308845051,
    "62": 0.007371714749853147,
    "63": 0.0130020795587961,
    "64": 0.014143631186726114,
    "65": 0.020760760962184845,
    "66": 0.11783134600158965,
    "67": 0.4111714177142499,
    "68": 1.7772797946909724,
    "69": 0.809921205850007,
    "70": 0.0018380916042940918,
    "71": 0.00019348332676779912,
    "3.5": 0,
    "3.6": 0
  },
  "chrome": {
    "4": 0,
    "5": 0,
    "6": 0,
    "7": 0,
    "8": 0,
    "9": 0,
    "10": 0,
    "11": 0.001315686622021034,
    "12": 0.000058044998030339736,
    "13": 0,
    "14": 0,
    "15": 0,
    "16": 0,
    "17": 0,
    "18": 0.000058044998030339736,
    "19": 0,
    "20": 0,
    "21": 0,
    "22": 0,
    "23": 0,
    "24": 0,
    "25": 0,
    "26": 0.0001547866614142393,
    "27": 0,
    "28": 0.000058044998030339736,
    "29": 0,
    "30": 0,
    "31": 0,
    "32": 0.000058044998030339736,
    "33": 0.000058044998030339736,
    "34": 0,
    "35": 0,
    "36": 0.00441141985030582,
    "37": 0.0009867649665157754,
    "38": 0.00025152832479813885,
    "39": 0.0040631498621237815,
    "40": 0.0008126299724247562,
    "41": 0.0007158883090408567,
    "42": 0.002321799921213589,
    "43": 0.00011608999606067947,
    "44": 0.0010061132991925554,
    "45": 0.0037729248719720826,
    "46": 0,
    "47": 0.0003095733228284786,
    "48": 0.0005804499803033973,
    "49": 0.12924686228088983,
    "50": 0.00220570992515291,
    "51": 0.0031537782263151254,
    "52": 0.00011608999606067947,
    "53": 0.0013737316200513737,
    "54": 0.0026507215767188476,
    "55": 0.0068493097675800885,
    "56": 0.018942017690567536,
    "57": 0.22444065905064697,
    "58": 0.03163452392653516,
    "59": 0.005939938131771433,
    "60": 0.012769899566674741,
    "61": 0.014666036168999171,
    "62": 0.025056090816429982,
    "63": 0.09931499162991128,
    "64": 0.015923677792989865,
    "65": 0.1344709121036204,
    "66": 0.03463351549143604,
    "67": 0.18986518855724127,
    "68": 0.06499104946130373,
    "69": 0.13460635043235783,
    "70": 0.09047280359662287,
    "71": 0.12822140064902046,
    "72": 0.20240290813179465,
    "73": 0.463644095933677,
    "74": 1.2981570326158713,
    "75": 17.01103474109222,
    "76": 23.08677881992197,
    "77": 3.1917783516923213,
    "78": 0.048603011684071135,
    "79": 0.003250519889699025,
    "80": 0
  },
  "safari": {
    "4": 0,
    "5": 0,
    "6": 0.000058044998030339736,
    "7": 0.0008513266377783162,
    "8": 0.0071588830904085665,
    "9": 0.014395159511524253,
    "10": 0.05400119650089273,
    "11": 0.14375811178847475,
    "12": 0.8746800753191895,
    "13": 0.22035816085584642,
    "3.1": 0,
    "3.2": 0,
    "5.1": 0.0005611016476266174,
    "6.1": 0,
    "7.1": 0,
    "9.1": 0.05088611493993117,
    "10.1": 0.30324641804317154,
    "11.1": 0.6626610458470352,
    "12.1": 5.377830370845623,
    "TP": 0
  },
  "opera": {
    "9": 0,
    "11": 0,
    "12": 0,
    "15": 0,
    "16": 0,
    "17": 0,
    "18": 0,
    "19": 0,
    "20": 0,
    "21": 0,
    "22": 0,
    "23": 0,
    "24": 0,
    "25": 0,
    "26": 0,
    "27": 0,
    "28": 0,
    "29": 0,
    "30": 0.0005030566495962777,
    "31": 0,
    "32": 0,
    "33": 0,
    "34": 0,
    "35": 0,
    "36": 0,
    "37": 0,
    "38": 0,
    "39": 0,
    "40": 0,
    "41": 0.000058044998030339736,
    "42": 0,
    "43": 0,
    "44": 0,
    "45": 0,
    "46": 0,
    "47": 0.000058044998030339736,
    "48": 0,
    "49": 0,
    "50": 0,
    "51": 0,
    "52": 0,
    "53": 0.0013737316200513737,
    "54": 0,
    "55": 0,
    "56": 0,
    "57": 0,
    "58": 0.000058044998030339736,
    "60": 0.027474632401027474,
    "62": 0.06888006432933648,
    "9.5-9.6": 0,
    "10.0-10.1": 0,
    "10.5": 0,
    "10.6": 0,
    "11.1": 0,
    "11.5": 0,
    "11.6": 0,
    "12.1": 0.000058044998030339736
  },
  "ios_saf": {
    "8": 0.0004643599842427179,
    "13": 0.26311797607153004,
    "3.2": 0,
    "4.0-4.1": 0,
    "4.2-4.3": 0.000058044998030339736,
    "5.0-5.1": 0.0003095733228284786,
    "6.0-6.1": 0.0016833049428798524,
    "7.0-7.1": 0.007874771399449424,
    "8.1-8.4": 0.0042179365235380205,
    "9.0-9.2": 0.0071782314230853465,
    "9.3": 0.049938046638768954,
    "10.0-10.2": 0.04916411333169776,
    "10.3": 0.21196098447412393,
    "11.0-11.2": 0.35757653619956953,
    "11.3-11.4": 0.5671770240871263,
    "12.0-12.1": 1.1368112864242037,
    "12.2-12.3": 8.551885649806014
  },
  "op_mini": {
    "all": 0.01513039615324189
  },
  "android": {
    "3": 0.000058044998030339736,
    "4": 0.0005030566495962777,
    "76": 0.22877468557024566,
    "2.1": 0,
    "2.2": 0.000058044998030339736,
    "2.3": 0,
    "4.1": 0,
    "4.2-4.3": 0.00011608999606067947,
    "4.4": 0.00025152832479813885,
    "4.4.3-4.4.4": 0
  },
  "bb": {
    "7": 0,
    "10": 0
  },
  "op_mob": {
    "10": 0.0016252599448495124,
    "11": 0.0016252599448495124,
    "12": 0.0016252599448495124,
    "46": 0.0016252599448495124,
    "11.1": 0.0016252599448495124,
    "11.5": 0.0016252599448495124,
    "12.1": 0.0016252599448495124
  },
  "and_chr": {
    "76": 7.256901743749135
  },
  "and_ff": {
    "68": 0.08211432388025394
  },
  "ie_mob": {
    "10": 0,
    "11": 0
  },
  "and_uc": {
    "12.12": 0.01946442267284059
  },
  "samsung": {
    "4": 0,
    "5.0-5.4": 0,
    "6.2-6.4": 0,
    "7.2-7.4": 0,
    "8.2": 0,
    "9.2": 0
  },
  "and_qq": {
    "1.2": 0
  },
  "baidu": {
    "7.12": 0
  },
  "kaios": {
    "2.5": 0
  }
}