{
  "ie": {
    "6": 0.00004479124146092307,
    "7": 0.1438097459172037,
    "8": 0.005360018561490461,
    "9": 0.07762322145177969,
    "10": 0.004718010767217231,
    "11": 5.127701322446473,
    "5.5": 0
  },
  "edge": {
    "12": 0.05227137878489723,
    "13": 0.02842750791386585,
    "14": 0.6803938882052418,
    "15": 0.1880485620667754,
    "16": 0.5422875603673957,
    "17": 7.079584182002939,
    "18": 0.13440358521040985
  },
  "firefox": {
    "2": 0,
    "3": 0,
    "4": 0,
    "5": 0,
    "6": 0,
    "7": 0,
    "8": 0,
    "9": 0,
    "10": 0,
    "11": 0.00004479124146092307,
    "12": 0.0003583299316873846,
    "13": 0.00004479124146092307,
    "14": 0,
    "15": 0,
    "16": 0,
    "17": 0,
    "18": 0,
    "19": 0.00004479124146092307,
    "20": 0,
    "21": 0,
    "22": 0,
    "23": 0.0004927036560701539,
    "24": 0.00010451289674215383,
    "25": 0,
    "26": 0.000194095379664,
    "27": 0.001702067175515077,
    "28": 0.00004479124146092307,
    "29": 0,
    "30": 0,
    "31": 0.0001791649658436923,
    "32": 0.00014930413820307692,
    "33": 0,
    "34": 0.0010899202088824615,
    "35": 0.34163772903628065,
    "36": 0,
    "37": 0.00004479124146092307,
    "38": 0.0004479124146092307,
    "39": 0.0005374948975310769,
    "40": 0.0006420077942732307,
    "41": 0.000194095379664,
    "42": 0.003030874005522461,
    "43": 0.0069575728402633845,
    "44": 0.0009406160706793847,
    "45": 0.003792325110358154,
    "46": 0.0005972165528123077,
    "47": 0.010227333466910769,
    "48": 0.02762126556756923,
    "49": 0.002657613660014769,
    "50": 0.012422104298496,
    "51": 0.00646486918419323,
    "52": 0.17923961791279383,
    "53": 0.0024336574527101537,
    "54": 0.0291143069496,
    "55": 0.0012392243470855384,
    "56": 0.030965678263318152,
    "57": 0.008256518842630154,
    "58": 0.010033238087246769,
    "59": 0.056586268378966145,
    "60": 0.169251171067008,
    "61": 0.6150434669137551,
    "62": 1.5735611037636887,
    "63": 1.224831428162762,
    "64": 0.001731928003155692,
    "65": 0.00004479124146092307,
    "3.5": 0,
    "3.6": 0
  },
  "chrome": {
    "4": 0,
    "5": 0,
    "6": 0,
    "7": 0,
    "8": 0,
    "9": 0,
    "10": 0,
    "11": 0,
    "12": 0,
    "13": 0,
    "14": 0,
    "15": 0,
    "16": 0,
    "17": 0,
    "18": 0,
    "19": 0,
    "20": 0,
    "21": 0,
    "22": 0,
    "23": 0.000194095379664,
    "24": 0,
    "25": 0.00004479124146092307,
    "26": 0,
    "27": 0,
    "28": 0.00004479124146092307,
    "29": 0.0005374948975310769,
    "30": 0,
    "31": 0,
    "32": 0.00023888662112492306,
    "33": 0.0010003377259606154,
    "34": 0.0004479124146092307,
    "35": 0.0009406160706793847,
    "36": 0.001493041382030769,
    "37": 0.00023888662112492306,
    "38": 0.0020753275210227693,
    "39": 0.0019708146242806155,
    "40": 0.0014781109682104616,
    "41": 0.0005374948975310769,
    "42": 0.015019996303229538,
    "43": 0.0009406160706793847,
    "44": 0.0015826238649526154,
    "45": 0.002523239935632,
    "46": 0.0018812321413587694,
    "47": 0.0026725440738350767,
    "48": 0.003135386902264615,
    "49": 0.28936635025138335,
    "50": 0.006255843390708923,
    "51": 0.009645047327918769,
    "52": 0.013780771956144,
    "53": 0.005330157733849846,
    "54": 0.005539183527334154,
    "55": 0.14037575073853292,
    "56": 0.03498195958098092,
    "57": 0.12233981084360122,
    "58": 0.18146424957201968,
    "59": 0.02585947673677292,
    "60": 0.010078029328707692,
    "61": 0.05407795885715446,
    "62": 0.034250369303785846,
    "63": 0.35764313265165043,
    "64": 0.1847937318539483,
    "65": 0.1702365783791483,
    "66": 0.327244810113504,
    "67": 2.3528540531146485,
    "68": 9.281954594222706,
    "69": 16.700563682843374,
    "70": 17.69621325886441,
    "71": 0.033100727439622155,
    "72": 0.008331170911731692,
    "73": 0
  },
  "safari": {
    "4": 0.00004479124146092307,
    "5": 0.0005972165528123077,
    "6": 0.001731928003155692,
    "7": 0.002135049176304,
    "8": 0.02236575990282092,
    "9": 0.02187305624675077,
    "10": 0.15012531096319384,
    "11": 0.6333929454989131,
    "12": 3.6308228240638853,
    "3.1": 0,
    "3.2": 0,
    "5.1": 0.011033575813207385,
    "6.1": 0.0033294822819286154,
    "7.1": 0,
    "9.1": 0.23179467456027691,
    "10.1": 0.766437863051675,
    "11.1": 3.515724263923133,
    "TP": 0
  },
  "opera": {
    "9": 0,
    "11": 0,
    "12": 0,
    "15": 0,
    "16": 0,
    "17": 0,
    "18": 0,
    "19": 0,
    "20": 0,
    "21": 0,
    "22": 0,
    "23": 0,
    "24": 0,
    "25": 0,
    "26": 0,
    "27": 0,
    "28": 0,
    "29": 0,
    "30": 0,
    "31": 0,
    "32": 0,
    "33": 0,
    "34": 0,
    "35": 0,
    "36": 0,
    "37": 0,
    "38": 0,
    "39": 0,
    "40": 0.000194095379664,
    "41": 0,
    "42": 0,
    "43": 0,
    "44": 0,
    "45": 0,
    "46": 0,
    "47": 0,
    "48": 0,
    "49": 0,
    "50": 0,
    "51": 0,
    "52": 0.00004479124146092307,
    "53": 0.00014930413820307692,
    "54": 0.015154370027612309,
    "55": 0.07922077573055261,
    "56": 0.09321057348018091,
    "9.5-9.6": 0,
    "10.0-10.1": 0.00004479124146092307,
    "10.5": 0,
    "10.6": 0,
    "11.1": 0,
    "11.5": 0,
    "11.6": 0,
    "12.1": 0.00010451289674215383
  },
  "ios_saf": {
    "8": 0.00013437372438276923,
    "12": 4.9791735657620535,
    "3.2": 0,
    "4.0-4.1": 0,
    "4.2-4.3": 0.002135049176304,
    "5.0-5.1": 0.000582286138992,
    "6.0-6.1": 0.0045836370428344615,
    "7.0-7.1": 0.013422442024456615,
    "8.1-8.4": 0.013750911128503386,
    "9.0-9.2": 0.015229022096713845,
    "9.3": 0.13616537404120616,
    "10.0-10.2": 0.2437688664441637,
    "10.3": 0.5993963932300725,
    "11.0-11.2": 1.6012570214003592,
    "11.3-11.4": 7.797677365104458
  },
  "op_mini": {
    "all": 0.017573097066502154
  },
  "android": {
    "3": 0.00010451289674215383,
    "4": 0.00008958248292184615,
    "67": 0.1333136650015274,
    "2.1": 0,
    "2.2": 0.00010451289674215383,
    "2.3": 0.000194095379664,
    "4.1": 0.00004479124146092307,
    "4.2-4.3": 0.0012989460023667691,
    "4.4": 0.001985745038100923,
    "4.4.3-4.4.4": 0
  },
  "bb": {
    "7": 0.00008958248292184615,
    "10": 0.0028815698673193843
  },
  "op_mob": {
    "10": 0.0032996214542879996,
    "11": 0.0032996214542879996,
    "12": 0.0032996214542879996,
    "46": 0.0032996214542879996,
    "11.1": 0.0032996214542879996,
    "11.5": 0.0032996214542879996,
    "12.1": 0.0032996214542879996
  },
  "and_chr": {
    "70": 5.9018432790294275
  },
  "and_ff": {
    "63": 0.074920816550304
  },
  "ie_mob": {
    "10": 0,
    "11": 0
  },
  "and_uc": {
    "11.8": 0.01073496753680123
  },
  "samsung": {
    "4": 0,
    "5": 0,
    "6.2": 0,
    "7.2": 0
  },
  "and_qq": {
    "1.2": 0
  },
  "baidu": {
    "7.12": 0
  }
}