{
  "ie": {
    "6": 0,
    "7": 0.014570816165609764,
    "8": 0,
    "9": 0.00006663483002565441,
    "10": 0.004842130981864221,
    "11": 1.143098297480093,
    "5.5": 0
  },
  "edge": {
    "12": 0.0005775018602223383,
    "13": 0.0009106760103506103,
    "14": 0.0019546216807525296,
    "15": 0.014659662605643971,
    "16": 0.02978576902146752,
    "17": 0.07718534477971636,
    "18": 2.348833335184301,
    "79": 0.00046644381017958085,
    "80": 0.007085503592727919,
    "81": 0.17507191008740267,
    "83": 0.0636584742845085,
    "84": 2.4148018169096988,
    "85": 3.5902624301722508,
    "86": 1.0633808291594016
  },
  "firefox": {
    "2": 0,
    "3": 0,
    "4": 0.0005108670301966838,
    "5": 0,
    "6": 0,
    "7": 0,
    "8": 0,
    "9": 0,
    "10": 0,
    "11": 0,
    "12": 0,
    "13": 0,
    "14": 0,
    "15": 0,
    "16": 0,
    "17": 0,
    "18": 0,
    "19": 0,
    "20": 0,
    "21": 0,
    "22": 0,
    "23": 0,
    "24": 0,
    "25": 0.00006663483002565441,
    "26": 0,
    "27": 0,
    "28": 0,
    "29": 0,
    "30": 0,
    "31": 0.00011105805004275735,
    "32": 0,
    "33": 0,
    "34": 0,
    "35": 0.004420110391701743,
    "36": 0,
    "37": 0,
    "38": 0,
    "39": 0,
    "40": 0.0005330786402052353,
    "41": 0.0002221161000855147,
    "42": 0.00019990449007696324,
    "43": 0,
    "44": 0.00006663483002565441,
    "45": 0.00033317415012827206,
    "46": 0.0006885599102650956,
    "47": 0.00075519474029075,
    "48": 0.008395988583232455,
    "49": 0.00006663483002565441,
    "50": 0.0002443277100940662,
    "51": 0.0023544306609064557,
    "52": 0.009462145863642926,
    "53": 0.0002887509301111691,
    "54": 0.00006663483002565441,
    "55": 0.00017769288006841175,
    "56": 0.0060859811423431024,
    "57": 0.0006885599102650956,
    "58": 0.0009773108403762648,
    "59": 0.00006663483002565441,
    "60": 0.00770742867296736,
    "61": 0.0006885599102650956,
    "62": 0.00013326966005130882,
    "63": 0.0028208744710860366,
    "64": 0.0005997134702308897,
    "65": 0.0025765467609919707,
    "66": 0.002909720911120243,
    "67": 0.00046644381017958085,
    "68": 0.14804038070699554,
    "69": 0.000710771520273647,
    "70": 0.001976833290761081,
    "71": 0.0042202059016247795,
    "72": 0.015192741245849205,
    "73": 0.00075519474029075,
    "74": 0.016481014626345193,
    "75": 0.005419632842086558,
    "76": 0.028230956320868916,
    "77": 0.029341536821296494,
    "78": 0.28915073909132305,
    "79": 0.75197405683951,
    "80": 0.85363659584865,
    "81": 0.6592405850538077,
    "82": 0.06830070077629577,
    "83": 0.0014437546505558455,
    "3.5": 0,
    "3.6": 0.00006663483002565441
  },
  "chrome": {
    "4": 0,
    "5": 0,
    "6": 0,
    "7": 0,
    "8": 0,
    "9": 0,
    "10": 0,
    "11": 0,
    "12": 0,
    "13": 0,
    "14": 0,
    "15": 0,
    "16": 0,
    "17": 0.0005775018602223383,
    "18": 0,
    "19": 0,
    "20": 0,
    "21": 0,
    "22": 0,
    "23": 0,
    "24": 0,
    "25": 0,
    "26": 0,
    "27": 0,
    "28": 0.00006663483002565441,
    "29": 0,
    "30": 0,
    "31": 0,
    "32": 0,
    "33": 0.00006663483002565441,
    "34": 0.00006663483002565441,
    "35": 0,
    "36": 0,
    "37": 0.0011550037204446765,
    "38": 0.00006663483002565441,
    "39": 0.0002221161000855147,
    "40": 0,
    "41": 0,
    "42": 0,
    "43": 0.00006663483002565441,
    "44": 0.00006663483002565441,
    "45": 0.0003553857601368235,
    "46": 0.00006663483002565441,
    "47": 0.0003998089801539265,
    "48": 0.0002221161000855147,
    "49": 0.024543829059449372,
    "50": 0,
    "51": 0.0005330786402052353,
    "52": 0.0003553857601368235,
    "53": 0.0017547171906755663,
    "54": 0.00033317415012827206,
    "55": 0.0006441366902479927,
    "56": 0.0007329831302821985,
    "57": 0.0023322190508979043,
    "58": 0.011239074664327043,
    "59": 0.0013326966005130882,
    "60": 0.07818486723010118,
    "61": 0.0011772153304532278,
    "62": 0.019213042657397022,
    "63": 0.03427251424319492,
    "64": 0.0663682907055518,
    "65": 0.07747409570982754,
    "66": 0.007041080372710815,
    "67": 0.05150872360983086,
    "68": 0.03764867896449474,
    "69": 0.00892906722343769,
    "70": 0.10514976178048266,
    "71": 0.03980320513532423,
    "72": 0.1133680574836467,
    "73": 0.027853358950723543,
    "74": 0.1049498572904057,
    "75": 0.0907566384949413,
    "76": 0.08478171540264097,
    "77": 0.07816265562009263,
    "78": 0.14712970469664494,
    "79": 0.40027542396410604,
    "80": 0.4508290483435691,
    "81": 0.34539053563297534,
    "83": 2.7358928511933187,
    "84": 20.425774352253924,
    "85": 23.27225880967982,
    "86": 5.901447086392057,
    "87": 0.004908765811889875,
    "88": 0.0003553857601368235,
    "89": 0
  },
  "safari": {
    "4": 0,
    "5": 0,
    "6": 0,
    "7": 0.00017769288006841175,
    "8": 0.0014437546505558455,
    "9": 0.0004220205901624779,
    "10": 0.0036204924313938893,
    "11": 0.028008840220783406,
    "12": 0.15417078506935575,
    "13": 0.589696034117033,
    "14": 1.5538353897582267,
    "3.1": 0,
    "3.2": 0,
    "5.1": 0.0008662527903335073,
    "6.1": 0.00017769288006841175,
    "7.1": 0,
    "9.1": 0.015370434125917617,
    "10.1": 0.083937674222316,
    "11.1": 0.27029308219406284,
    "12.1": 0.6315204957631354,
    "13.1": 6.746376731117356,
    "TP": 0
  },
  "opera": {
    "9": 0,
    "11": 0,
    "12": 0,
    "15": 0,
    "16": 0,
    "17": 0,
    "18": 0,
    "19": 0,
    "20": 0,
    "21": 0,
    "22": 0,
    "23": 0,
    "24": 0,
    "25": 0,
    "26": 0,
    "27": 0,
    "28": 0,
    "29": 0,
    "30": 0,
    "31": 0,
    "32": 0,
    "33": 0,
    "34": 0,
    "35": 0,
    "36": 0,
    "37": 0,
    "38": 0,
    "39": 0,
    "40": 0,
    "41": 0,
    "42": 0,
    "43": 0,
    "44": 0,
    "45": 0,
    "46": 0,
    "47": 0,
    "48": 0,
    "49": 0,
    "50": 0,
    "51": 0.00006663483002565441,
    "52": 0,
    "53": 0,
    "54": 0,
    "55": 0,
    "56": 0,
    "57": 0.00006663483002565441,
    "58": 0,
    "60": 0,
    "62": 0,
    "63": 0.00006663483002565441,
    "64": 0,
    "65": 0,
    "66": 0.00006663483002565441,
    "67": 0.0004886554201881324,
    "68": 0.01570360827604589,
    "69": 0.008284930533189698,
    "70": 0.01981275612762791,
    "71": 0.01645880301633664,
    "9.5-9.6": 0,
    "10.0-10.1": 0,
    "10.5": 0,
    "10.6": 0,
    "11.1": 0,
    "11.5": 0,
    "11.6": 0,
    "12.1": 0.00006663483002565441
  },
  "ios_saf": {
    "8": 0,
    "14": 2.3257776839954243,
    "3.2": 0,
    "4.0-4.1": 0,
    "4.2-4.3": 0,
    "5.0-5.1": 0,
    "6.0-6.1": 0,
    "7.0-7.1": 0.0009328876203591617,
    "8.1-8.4": 0.0005552902502137867,
    "9.0-9.2": 0.002843086081094588,
    "9.3": 0.014837355485712383,
    "10.0-10.2": 0.003709338871428096,
    "10.3": 0.04582255144764168,
    "11.0-11.2": 0.01930188909743123,
    "11.3-11.4": 0.05459613740101952,
    "12.0-12.1": 0.12036471463634042,
    "12.2-12.4": 0.4540719434048177,
    "13.0-13.1": 0.14821807358706396,
    "13.2": 0.09200048865542018,
    "13.3": 0.6734115922392634,
    "13.4-13.7": 11.222682496140733
  },
  "op_mini": {
    "all": 0.00981753162377975
  },
  "android": {
    "3": 0.00011105805004275735,
    "4": 0,
    "81": 0.11316815299356973,
    "2.1": 0,
    "2.2": 0.00006663483002565441,
    "2.3": 0.0003998089801539265,
    "4.1": 0.00046644381017958085,
    "4.2-4.3": 0.00006663483002565441,
    "4.4": 0.00006663483002565441,
    "4.4.3-4.4.4": 0
  },
  "bb": {
    "7": 0,
    "10": 0
  },
  "op_mob": {
    "10": 0.0018879868507268747,
    "11": 0.0018879868507268747,
    "12": 0.0018879868507268747,
    "59": 0.0018879868507268747,
    "11.1": 0.0018879868507268747,
    "11.5": 0.0018879868507268747,
    "12.1": 0.0018879868507268747
  },
  "and_chr": {
    "85": 5.040947103050765
  },
  "and_ff": {
    "79": 0.055107004431216196
  },
  "ie_mob": {
    "10": 0,
    "11": 0
  },
  "and_uc": {
    "12.12": 0.004708861321812911
  },
  "samsung": {
    "4": 0.00017769288006841175,