{"name":"Bellevue College: All Traffic","id":"7917049|undefined","type":"custom","source":"google_analytics","dataByBrowser":{"ie":{"6":0.0004129066491471905,"7":0.3989169786296559,"8":0.07230781915422824,"9":0.1760620843816028,"10":0.294802239343502,"11":10.509699832595846},"edge":{"12":0.23949896465296247,"13":3.3212375716737124,"14":2.6454273603480893,"15":0.00780917892791869},"firefox":{"2":0.000045878516571910054,"3":0,"4":0.00009175703314382011,"5":0.000045878516571910054,"6":0.000871691814866291,"7":0.00032114961600337034,"8":0,"9":0.00009175703314382011,"10":0.00022939258285955026,"11":0.001287875500911475,"12":0.0015172680837710253,"13":0.002021931766062036,"14":0.00032114961600337034,"15":0.0007340562651505609,"16":0.003168894680359787,"17":0.003218050233829691,"18":0.00022939258285955026,"19":0.0009208473683361946,"20":0.0012845984640134814,"21":0.002113688799205856,"22":0.00032114961600337034,"23":0.0029427791343982304,"24":0.0047811968341726265,"25":0.0027559880312125968,"26":0.0026675080349667702,"27":0.02114671910275254,"28":0.000779934781722471,"29":0.01806630441863858,"30":0.002067810282633946,"31":0.02473179746915751,"32":0.005010589417032176,"33":0.01797454738549476,"34":0.005649611612140924,"35":0.28560687380773203,"36":0.0017925391832024856,"37":0.012544497245519407,"38":0.11900887198753468,"39":0.006527857500803202,"40":0.03935065907110685,"41":0.032036312714785194,"42":0.013881528299900784,"43":0.15045531806068102,"44":0.4438877559808217,"45":1.1086838462922883,"46":0.7312838919348583,"47":1.0547667582096,"48":0.5933271926031247,"49":0.5699684735942265,"50":0.6822299266087924,"51":0.40709646272704786,"52":0.001150239951195745,"53":0.0013337540174833851,"54":0,"3.5":0,"3.6":0.0013763554971573016},"chrome":{"4":0.00009175703314382011,"5":0,"6":0,"7":0.00018351406628764022,"8":0,"9":0,"10":0.000045878516571910054,"11":0.0005964207154348307,"12":0.00022939258285955026,"13":0,"14":0.000045878516571910054,"15":0,"16":0,"17":0,"18":0.0013796325340552952,"19":0.00013763554971573015,"20":0.000045878516571910054,"21":0.00891681739944052,"22":0.00018351406628764022,"23":0.00018351406628764022,"24":0,"25":0.00018351406628764022,"26":0.000779934781722471,"27":0.0018810191794483122,"28":0.005282583479565644,"29":0.004823798313846542,"30":0.0018384176997743957,"31":0.013743892750185054,"32":0.003355685783545421,"33":0.012000509120452472,"34":0.022844224215913214,"35":0.019626173982083522,"36":0.009008574432584338,"37":0.0344285496503205,"38":0.032082191231357096,"39":0.054146480665547836,"40":0.042562155231140555,"41":0.04771038019788846,"42":0.13091762407484334,"43":0.028172686212050768,"44":0.03065012610693391,"45":0.2722693336328982,"46":0.13324759730931676,"47":0.19431190286652905,"48":2.565631511881946,"49":7.27630651200975,"50":5.946501323988448,"51":5.9120137876739625,"52":3.6778742202454557,"53":4.284378378215412,"54":6.088082426129362,"55":5.12892977349252,"56":3.1450738991482723,"57":0.0037653153957946175,"58":0.0011469629142977513,"59":0},"safari":{"4":0,"5":0.010067057350636264,"6":0.049047411252269836,"7":0.07097734217364285,"8":0.856869776976666,"9":1.863139666132859,"10":2.0644775361086865,"3.1":0,"3.2":0,"5.1":0.08991533840714772,"6.1":0.05874744047033082,"7.1":0.1266935235133296,"9.1":3.5521441455801357,"10.1":0.003355685783545421,"TP":0},"opera":{"15":0.0004129066491471905,"16":0,"17":0,"18":0.00013763554971573015,"19":0,"20":0.000045878516571910054,"21":0,"22":0,"23":0.0028051435846825003,"24":0,"25":0,"26":0,"27":0.000045878516571910054,"28":0.00009175703314382011,"29":0.00009175703314382011,"30":0.00032114961600337034,"31":0.000045878516571910054,"32":0,"33":0,"34":0.00013763554971573015,"35":0.002021931766062036,"36":0.013376864617609775,"37":0.01006378031373827,"38":0.006108396777860024,"39":0.012501895765845488,"40":0.00978850921430681,"41":0.015585587486857445,"42":0.011171418785260099,"43":0.006937487113052399,"44":0,"45":0,"10.0-10.1":0,"11.5":0.00009175703314382011,"12.1":0.0014222340137292116},"ios_saf":{"8":0.03479230074599779,"3.2":0.000045878516571910054,"4.0-4.1":0,"4.2-4.3":0.004043863532124072,"5.0-5.1":0.01461886160194934,"6.0-6.1":0.018197385894558323,"7.0-7.1":0.18534592991361862,"8.1-8.4":0.7631727379892338,"9.0-9.2":2.2165222170648944,"9.3":6.070429028359871,"10.0-10.2":5.106659030733756},"op_mini":{"all":0.024017403425394913},"android":{"3":0.00022939258285955026,"4":0.006295187881045657,"53":0,"2.1":0,"2.2":0.0004587851657191005,"2.3":0.003444165779791248,"4.1":0.03043056463476834,"4.2-4.3":0.024082944163354783,"4.4":0.026524336652359995,"4.4.3-4.4.4":0},"bb":{"7":0.0015172680837710253,"10":0.02799244918266112},"op_mob":{"12":0.0026642309980687766,"37":0.0026642309980687766,"12.1":0.0026642309980687766},"and_chr":{"56":6.443670422893747},"and_ff":{"51":0.06475097206745506},"ie_mob":{"10":0,"11":0},"and_uc":{"11":0.01748954592459171},"samsung":{"4":0},"and_qq":{"1.2":0}},"meta":{"start_date":"2016-03-01","end_date":"2017-03-01"},"uid":"custom.7917049|undefined"}
